20440,False
20441,True
20442,True
20443,False
20444,False
20445,False
20446,True
20447,False
20448,False
20449,True
20450,False
20451,False
20452,True
20453,True
20454,True
20455,True
20456,True
20457,False
20458,False
20459,True
20460,True
20461,True
20462,True
20463,True
20464,False
20465,True
20466,True
20467,True
20468,True
20469,False
20470,False
20471,True
20472,False
20473,False
20474,False
20475,True
20476,True
20477,True
20478,False
20479,False
20480,False
20481,True
20482,True
20483,True
20484,True
20485,True
20486,True
20487,True
20488,True
20489,False
20490,True
20491,False
20492,False
20493,False
20494,False
20495,False
20496,False
20497,True
20498,True
20499,True
20500,True
20501,True
20502,True
20503,False
20504,False
20505,False
20506,False
20507,True
20508,True
20509,True
20510,True
20511,True
20512,True
20513,False
20514,False
20515,False
20516,True
20517,True
20518,True
20519,False
20520,True
20521,False
20522,True
20523,False
20524,False
20525,False
20526,False
20527,False
20528,False
20529,False
20530,True
20531,True
20532,True
20533,False
20534,False
20535,True
20536,True
20537,True
20538,True
20539,True
20540,True
20541,False
20542,False
20543,True
20544,False
20545,False
20546,False
20547,False
20548,False
20549,False
20550,False
20551,False
20552,False
20553,False
20554,False
20555,False
20556,False
20557,True
20558,True
20559,False
20560,True
20561,True
20562,True
20563,True
20564,True
20565,False
20566,False
20567,True
20568,False
20569,False
20570,False
20571,True
20572,False
20573,False
20574,False
20575,False
20576,False
20577,False
20578,False
20579,False
20580,False
20581,True
20582,True
20583,False
20584,True
20585,True
20586,False
20587,False
20588,False
20589,False
20590,False
20591,False
20592,False
20593,False
20594,False
20595,False
20596,True
20597,False
20598,False
20599,True
20600,True
20601,True
20602,True
20603,False
20604,False
20605,False
20606,False
20607,False
20608,False
20609,False
20610,True
20611,True
20612,True
20613,True
20614,True
20615,False
20616,True
20617,True
20618,True
20619,True
20620,False
20621,False
20622,False
20623,False
20624,False
20625,False
20626,False
20627,False
20628,False
20629,False
20630,False
20631,False
20632,False
20633,False
20634,False
20635,False
20636,False
20637,False
20638,False
20639,False
20640,False
20641,False
20642,False
20643,False
20644,True
20645,True
20646,False
20647,False
20648,False
20649,False
20650,False
20651,False
20652,False
20653,False
20654,False
20655,False
20656,False
20657,False
20658,False
20659,False
20660,False
20661,False
20662,False
20663,False
20664,False
20665,False
20666,False
20667,False
20668,False
20669,False
20670,False
20671,False
20672,True
20673,True
20674,False
20675,False
20676,False
20677,False
20678,False
20679,False
20680,False
20681,False
20682,False
20683,False
20684,False
20685,False
20686,False
20687,True
20688,True
20689,False
20690,True
20691,True
20692,True
20693,False
20694,False
20695,False
20696,False
20697,False
20698,True
20699,False
20700,False
20701,False
20702,False
20703,False
20704,False
20705,True
20706,False
20707,True
20708,True
20709,True
20710,True
20711,True
20712,True
20713,True
20714,True
20715,True
20716,False
20717,False
20718,False
20719,True
20720,False
20721,False
20722,False
20723,False
20724,False
20725,False
20726,False
20727,False
20728,False
20729,False
20730,False
20731,False
20732,True
20733,True
20734,False
20735,True
20736,True
20737,False
20738,False
20739,False
20740,False
20741,False
20742,True
20743,True
20744,True
20745,True
20746,True
20747,False
20748,False
20749,True
20750,False
20751,False
20752,False
20753,False
20754,False
20755,False
20756,True
20757,True
20758,False
20759,True
20760,True
20761,False
20762,False
20763,False
20764,False
20765,False
20766,False
20767,False
20768,False
20769,False
20770,False
20771,False
20772,True
20773,True
20774,True
20775,True
20776,True
20777,False
20778,False
20779,False
20780,True
20781,True
20782,True
20783,True
20784,True
20785,False
20786,False
20787,True
20788,True
20789,False
20790,False
20791,False
20792,True
20793,True
20794,True
20795,True
20796,True
20797,True
20798,True
20799,True
20800,False
20801,True
20802,True
20803,False
20804,False
20805,False
20806,False
20807,True
20808,False
20809,False
20810,False
20811,False
20812,False
20813,True
20814,True
20815,False
20816,False
20817,True
20818,True
20819,False
20820,True
20821,False
20822,False
20823,False
20824,False
20825,True
20826,True
20827,True
20828,True
20829,False
20830,False
20831,False
20832,False
20833,False
20834,True
20835,True
20836,True
20837,True
20838,False
20839,True
20840,True
20841,True
20842,False
20843,False
20844,False
20845,True
20846,True
20847,True
20848,False
20849,True
20850,True
20851,False
20852,False
20853,False
20854,True
20855,False
20856,True
20857,False
20858,False
20859,False
20860,False
20861,False
20862,True
20863,False
20864,False
20865,False
20866,False
20867,False
20868,False
20869,False
20870,False
20871,False
20872,False
20873,False
20874,False
20875,False
20876,False
20877,False
20878,True
20879,True
20880,True
20881,False
20882,False
20883,False
20884,False
20885,False
20886,False
20887,True
20888,False
20889,False
20890,False
20891,False
20892,False
20893,False
20894,True
20895,False
20896,False
20897,True
20898,True
20899,True
20900,False
20901,False
20902,False
20903,False
20904,True
20905,True
20906,True
20907,True
20908,False
20909,True
20910,True
20911,True
20912,True
20913,False
20914,True
20915,False
20916,True
20917,False
20918,False
20919,True
20920,True
20921,True
20922,False
20923,False
20924,True
20925,True
20926,True
20927,False
20928,False
20929,False
20930,False
20931,False
20932,True
20933,True
20934,False
20935,False
20936,False
20937,True
20938,True
20939,True
20940,False
20941,True
20942,False
20943,True
20944,False
20945,False
20946,False
20947,True
20948,True
20949,True
20950,False
20951,False
20952,False
20953,True
20954,True
20955,True
20956,True
20957,True
20958,True
20959,True
20960,True
20961,True
20962,False
20963,False
20964,False
20965,False
20966,False
20967,False
20968,False
20969,False
20970,True
20971,True
20972,False
20973,False
20974,False
20975,True
20976,False
20977,True
20978,True
20979,False
20980,False
20981,True
20982,False
20983,True
20984,False
20985,False
20986,True
20987,True
20988,False
20989,False
20990,False
20991,True
20992,True
20993,False
20994,False
20995,True
20996,True
20997,True
20998,False
20999,False
21000,False
21001,False
21002,False
21003,False
21004,False
21005,True
21006,True
21007,False
21008,True
21009,False
21010,False
21011,False
21012,False
21013,False
21014,False
21015,False
21016,False
21017,False
21018,False
21019,False
21020,False
21021,False
21022,True
21023,False
21024,False
21025,False
21026,False
21027,False
21028,False
21029,False
21030,False
21031,False
21032,False
21033,False
21034,False
21035,False
21036,False
21037,False
21038,False
21039,False
21040,False
21041,False
21042,False
21043,False
21044,False
21045,False
21046,False
21047,False
21048,True
21049,False
21050,False
21051,False
21052,False
21053,False
21054,False
21055,False
21056,False
21057,False
21058,False
21059,True
21060,True
21061,False
21062,False
21063,False
21064,False
21065,False
21066,False
21068,False
21069,False
21070,False
21071,False
21072,True
21073,False
21074,False
21075,False
21076,False
21077,False
21078,True
21079,False
21080,False
21081,False
21082,False
21083,False
21084,False
21085,False
21086,False
21087,False
21088,False
21089,False
21090,False
21091,True
21092,True
21093,True
21094,True
21095,False
21096,False
21097,False
21098,True
21099,True
21100,True
21101,False
21102,True
21103,True
21104,True
21105,True
21106,True
21107,True
21108,False
21109,True
21110,True
21111,True
21112,False
21113,False
21114,False
21115,True
21116,False
21117,True
21118,False
21119,True
21120,True
21121,True
21122,True
21123,True
21124,True
21125,True
21126,True
21127,True
21128,True
21129,True
21130,True
21131,True
21132,False
21133,False
21134,True
21135,True
21136,True
21137,False
21138,False
21139,False
21140,False
21141,False
21142,False
21143,False
21144,False
21145,False
21146,False
21147,True
21148,True
21149,False
21150,True
21151,True
21152,True
21153,False
21154,True
21155,True
21156,True
21157,False
21158,False
21159,False
21160,False
21161,False
21162,False
21163,False
21164,False
21165,True
21166,False
21167,False
21168,False
21169,False
21170,False
21171,False
21172,True
21173,True
21174,True
21175,True
21176,True
21177,True
21178,True
21179,True
21180,True
21181,True
21182,True
21183,True
21184,True
21185,True
21186,True
21187,True
21188,False
21189,True
21190,True
21191,True
21192,True
21193,True
21194,True
21195,True
21196,True
21197,True
21198,True
21199,False
21200,True
21201,True
21202,True
21203,True
21204,True
21205,True
21206,False
21207,True
21208,False
21209,True
21210,True
21211,True
21212,True
21213,True
21214,True
21215,True
21216,True
21217,True
21218,True
21219,True
21220,False
21221,False
21222,False
21223,True
21224,False
21225,False
21226,False
21227,False
21228,True
21229,False
21230,False
21231,False
21232,False
21233,False
21234,False
21235,False
21236,False
21237,False
21238,True
21239,False
21240,False
21241,True
21242,True
21243,True
21244,False
21245,True
21246,False
21247,False
21248,True
21249,True
21250,True
21251,True
21252,True
21253,True
21254,False
21255,False
21256,False
21257,True
21258,True
21259,True
21260,True
21261,True
21262,False
21263,False
21264,True
21265,True
21266,True
21267,True
21268,False
21269,True
21270,False
21271,True
21272,False
21273,False
21274,True
21275,True
21276,False
21277,True
21278,False
21279,False
21280,False
21281,False
21282,True
21283,False
21284,False
21285,False
21286,True
21287,True
21288,True
21289,True
21290,True
21291,False
21292,False
21293,False
21294,True
21295,True
21296,False
21297,False
21298,False
21299,False
21300,False
21301,False
21302,False
21303,True
21304,False
21305,False
21306,False
21307,False
21308,False
21309,False
21310,True
21311,False
21312,False
21313,False
21314,False
21315,False
21316,False
21317,False
21318,False
21319,False
21320,False
21321,False
21322,False
21323,True
21324,False
21325,True
21326,True
21327,True
21328,True
21329,True
21330,True
21331,True
21332,True
21333,False
21334,False
21335,True
21336,True
21337,True
21338,True
21339,True
21340,False
21341,False
21342,False
21343,True
21344,True
21345,False
21346,False
21347,True
21348,True
21349,True
21350,False
21351,True
21352,False
21353,False
21354,False
21355,False
21356,False
21357,False
21358,False
21359,False
21360,False
21361,False
21362,False
21363,False
21364,False
21365,False
21366,False
21367,False
21368,False
21369,False
21370,False
21371,False
21372,False
21373,False
21374,False
21375,False
21376,False
21377,True
21378,True
21379,False
21380,False
21381,False
21382,False
21383,False
21384,False
21385,False
21386,False
21387,False
21388,False
21389,False
21390,False
21391,False
21392,False
21393,False
21394,False
21395,False
21396,False
21397,False
21398,False
21399,False
21400,False
21401,False
21402,False
21403,False
21404,False
21405,True
21406,False
21407,False
21408,False
21409,False
21410,False
21411,False
21412,False
21413,False
21414,False
21415,False
21416,False
21417,False
21418,False
21419,False
21420,False
21421,False
21422,False
21423,False
21424,False
21425,False
21426,False
21427,False
21428,False
21429,False
21430,False
21431,False
21432,False
21433,False
21434,False
21435,False
21436,True
21437,False
21438,False
21439,False
21440,True
21441,True
21442,True
21443,True
21444,False
21445,True
21446,True
21447,True
21448,True
21449,False
21450,False
21451,False
21452,False
21453,False
21454,False
21455,False
21456,False
21457,False
21458,False
21459,False
21460,False
21461,False
21462,False
21463,True
21464,False
21465,False
21466,False
21467,False
21468,False
21469,False
21470,False
21471,True
21472,True
21473,True
21474,False
21475,True
21476,True
21477,False
21478,False
21479,False
21480,False
21481,True
21482,False
21483,False
21484,False
21485,False
21486,True
21487,False
21488,False
21489,False
21490,True
21491,True
21492,True
21493,True
21494,True
21495,True
21496,True
21497,True
21498,True
21499,True
21500,True
21501,True
21502,False
21503,True
21504,False
21505,False
21506,False
21507,True
21508,True
21509,True
21510,True
21511,True
21512,False
21513,False
21514,True
21515,True
21516,False
21517,True
21518,True
21519,True
21520,False
21521,False
21522,False
21523,False
21524,False
21525,False
21526,False
21527,True
21528,True
21529,True
21530,True
21531,True
21532,True
21533,True
21534,False
21535,False
21536,False
21537,True
21538,True
21539,True
21540,False
21541,True
21542,True
21543,True
21544,True
21545,True
21546,False
21547,False
21548,False
21549,False
21550,True
21551,True
21552,True
21553,True
21554,True
21555,True
21556,True
21557,False
21558,True
21559,True
21560,False
21561,False
21562,False
21563,False
21564,False
21565,True
21566,True
21567,True
21568,True
21569,False
21570,False
21571,False
21572,False
21573,False
21574,True
21575,False
21576,False
21577,False
21578,False
21579,False
21580,False
21581,False
21582,False
21583,True
21584,True
21585,False
21586,True
21587,True
21588,False
21589,True
21590,True
21591,True
21592,False
21593,True
21594,True
21595,True
21596,True
21597,True
21598,False
21599,True
21600,True
21601,True
21602,True
21603,True
21604,True
21605,True
21606,True
21607,True
21608,True
21609,False
21610,True
21611,True
21612,False
21613,True
21614,False
21615,True
21616,True
21617,True
21618,True
21619,True
21620,True
21621,False
21622,False
21623,True
21624,False
21625,True
21626,True
21627,True
21628,True
21629,False
21630,True
21631,True
21632,True
21633,True
21634,True
21635,True
21636,False
21637,False
21638,True
21639,True
21640,False
21641,False
21642,False
21643,False
21644,False
21645,False
21646,True
21647,True
21648,True
21649,False
21650,False
21651,False
21652,True
21653,False
21654,False
21655,True
21656,True
21657,False
21658,False
21659,False
21660,True
21661,False
21662,False
21663,True
21664,False
21665,False
21666,False
21667,False
21668,False
21669,True
21670,True
21671,True
21672,False
21673,True
21674,False
21675,False
21676,False
21677,False
21678,False
21679,False
21680,False
21681,False
21682,False
21683,False
21684,False
21685,False
21686,False
21687,False
21688,True
21689,True
21690,True
21691,False
21692,False
21693,False
21694,False
21695,False
21696,True
21697,False
21698,False
21699,False
21700,False
21701,False
21702,False
21703,False
21704,True
21705,True
21706,False
21707,False
21708,False
21709,True
21710,False
21711,False
21712,False
21713,False
21714,False
21715,True
21716,False
21717,True
21718,False
21719,False
21720,False
21721,False
21722,False
21723,False
21724,True
21725,False
21726,False
21727,False
21728,True
21729,True
21730,False
21731,False
21732,False
21733,False
21734,False
21735,False
21736,False
21737,False
21738,False
21739,False
21740,False
21741,False
21742,False
21743,False
21744,False
21745,False
21746,False
21747,True
21748,True
21749,True
21750,True
21751,True
21752,True
21753,True
21754,False
21755,False
21756,False
21757,False
21758,False
21759,False
21760,False
21761,False
21762,False
21763,False
21764,True
21765,False
21766,False
21767,False
21768,False
21769,False
21770,False
21771,False
21772,False
21773,False
21774,False
21775,False
21776,False
21777,False
21778,False
21779,True
21780,True
21781,True
21782,True
21783,False
21784,False
21785,False
21786,False
21787,False
21788,False
21789,False
21790,False
21791,False
21792,False
21793,False
21794,False
21795,True
21796,True
21797,False
21798,False
21799,False
21800,False
21801,False
21802,False
21803,False
21804,False
21805,False
21806,False
21807,False
21808,True
21809,True
21810,False
21811,False
21812,False
21813,False
21814,False
21815,False
21816,False
21817,True
21818,False
21819,True
21820,True
21821,True
21822,True
21823,True
21824,True
21825,True
21826,True
21827,False
21828,True
21829,True
21830,False
21831,False
21832,True
21833,False
21834,False
21835,False
21836,False
21837,True
21838,True
21839,True
21840,True
21841,True
21842,True
21843,True
21844,False
21845,False
21846,True
21847,False
21848,False
21849,False
21850,False
21851,True
21852,False
21853,False
21854,True
21855,False
21856,False
21857,True
21858,False
21859,False
21860,True
21861,True
21862,True
21863,True
21864,True
21865,True
21866,False
21867,True
21868,True
21869,True
21870,True
21871,True
21872,True
21873,True
21874,False
21875,False
21876,False
21877,False
21878,False
21879,True
21880,False
21881,True
21882,False
21883,False
21884,True
21885,True
21886,True
21887,True
21888,False
21889,True
21890,False
21891,False
21892,False
21893,True
21894,False
21895,False
21896,True
21897,True
21898,True
21899,True
21900,True
21901,True
21902,True
21903,True
21904,False
21905,True
21906,True
21907,False
21908,True
21909,False
21910,True
21911,True
21912,True
21913,False
21914,False
21915,False
21916,True
21917,True
21918,True
21919,True
21920,True
21921,True
21922,True
21923,True
21924,True
21925,True
21926,True
21927,False
21928,True
21929,False
21930,False
21931,False
21932,False
21933,True
21934,True
21935,False
21936,False
21937,False
21938,False
21939,False
21940,True
21941,False
21942,True
21943,True
21944,True
21945,True
21946,False
21947,False
21948,True
21949,False
21950,True
21951,True
21952,True
21953,True
21954,True
21955,True
21956,False
21957,False
21958,False
21959,False
21960,False
21961,False
21962,False
21963,False
21964,False
21965,False
21966,False
21967,True
21968,False
21969,False
21970,False
21971,False
21972,True
21973,False
21974,True
21975,True
21976,False
21977,True
21978,False
21979,False
21980,False
21981,True
21982,False
21983,False
21984,True
21985,True
21986,False
21987,True
21988,True
21989,True
21990,True
21991,True
21992,False
21993,True
21994,True
21995,False
21996,False
21997,True
21998,False
21999,True
22000,True
22001,False
22002,True
22003,True
22004,False
22005,True
22006,False
22007,False
22008,False
22009,True
22010,True
22011,True
22012,True
22013,True
22014,False
22015,True
22016,False
22017,False
22018,True
22019,True
22020,False
22021,False
22022,True
22023,False
22024,True
22025,True
22026,True
22027,True
22028,True
22029,False
22030,False
22031,False
22032,True
22033,True
22034,True
22035,True
22036,False
22037,False
22038,True
22039,False
22040,False
22041,False
22042,False
22043,False
22044,False
22045,False
22046,True
22047,False
22048,True
22049,False
22050,False
22051,False
22052,False
22053,False
22054,True
22055,True
22056,True
22057,False
22058,True
22059,True
22060,True
22061,False
22062,False
22063,False
22064,False
22065,False
22066,True
22067,False
22068,True
22069,True
22070,True
22071,True
22072,True
22073,False
22074,False
22075,True
22076,True
22077,False
22078,False
22079,False
22080,False
22081,False
22082,False
22083,False
22084,False
22085,False
22086,False
22087,False
22088,False
22089,False
22090,False
22091,False
22092,False
22093,False
22094,False
22095,False
22096,False
22097,False
22098,False
22099,True
22100,False
22101,False
22102,False
22103,False
22104,False
22105,False
22106,False
22107,False
22108,False
22109,False
22110,False
22111,False
22112,False
22113,False
22114,False
22115,False
22116,False
22117,False
22118,False
22119,False
22120,False
22121,False
22122,False
22123,False
22124,False
22125,True
22126,False
22127,True
22128,True
22129,False
22130,False
22131,False
22132,False
22133,False
22134,False
22135,False
22136,True
22137,False
22138,False
22139,False
22140,False
22141,False
22142,False
22143,False
22144,False
22145,True
22146,True
22147,True
22148,True
22149,False
22150,False
22151,True
22152,True
22153,True
22154,False
22155,False
22156,False
22157,False
22158,False
22159,False
22160,False
22161,False
22162,False
22163,False
22164,False
22165,False
22166,False
22167,False
22168,False
22169,False
22170,False
22171,False
22172,False
22173,False
22174,False
22175,False
22176,False
22177,False
22178,True
22179,True
22180,False
22181,False
22182,True
22183,True
22184,False
22185,False
22186,False
22187,False
22188,False
22189,False
22190,True
22191,True
22192,True
22193,True
22194,True
22195,True
22196,True
22197,False
22198,False
22199,False
22200,False
22201,True
22202,False
22203,True
22204,True
22205,True
22206,False
22207,False
22208,True
22209,False
22210,False
22211,True
22212,False
22213,False
22214,False
22215,False
22216,False
22217,False
22218,False
22219,True
22220,True
22221,True
22222,True
22223,True
22224,False
22225,True
22226,True
22227,True
22228,True
22229,True
22230,True
22231,True
22232,True
22233,False
22234,False
22235,False
22236,False
22237,False
22238,False
22239,True
22240,True
22241,False
22242,False
22243,False
22244,True
22245,False
22246,False
22247,True
22248,True
22249,True
22250,True
22251,True
22252,False
22253,False
22254,False
22255,False
22256,True
22257,False
22258,True
22259,True
22260,False
22261,True
22262,True
22263,True
22264,False
22265,False
22266,True
22267,True
22268,False
22269,True
22270,True
22271,True
22272,False
22273,True
22274,True
22275,True
22276,True
22277,True
22278,True
22279,True
22280,True
22281,True
22282,True
22283,False
22284,True
22285,True
22286,True
22287,True
22288,True
22289,False
22290,True
22291,True
22292,True
22293,False
22294,False
22295,False
22296,False
22297,False
22298,False
22299,False
22300,False
22301,False
22302,False
22303,False
22304,True
22305,True
22306,False
22307,True
22308,False
22309,False
22310,False
22311,True
22312,False
22313,False
22314,False
22315,False
22316,False
22317,True
22318,False
22319,False
22320,True
22321,True
22322,False
22323,False
22324,False
22325,False
22326,True
22327,False
22328,False
22329,False
22330,False
22331,False
22332,False
22333,True
22334,True
22335,True
22336,True
22337,True
22338,False
22339,False
22340,True
22341,True
22342,True
22343,True
22344,True
22345,False
22346,True
22347,True
22348,True
22349,False
22350,False
22351,False
22352,False
22353,True
22354,True
22355,True
22356,True
22357,False
22358,True
22359,True
22360,False
22361,True
22362,True
22363,True
22364,True
22365,False
22366,False
22367,True
22368,True
22369,False
22370,True
22371,True
22372,True
22373,True
22374,False
22375,False
22376,False
22377,False
22378,False
22379,True
22380,True
22381,True
22382,True
22383,True
22384,False
22385,False
22386,True
22387,True
22388,False
22389,False
22390,False
22391,False
22392,True
22393,True
22394,False
22395,False
22396,False
22397,False
22398,True
22399,False
22400,False
22401,False
22402,True
22403,False
22404,True
22405,True
22406,True
22407,False
22408,False
22409,False
22410,True
22411,True
22412,True
22413,True
22414,True
22415,False
22416,False
22417,False
22418,True
22419,True
22420,False
22421,False
22422,False
22423,False
22424,False
22425,False
22426,False
22427,False
22428,False
22429,False
22430,False
22431,False
22432,False
22433,False
22434,False
22435,False
22436,False
22437,False
22438,False
22439,False
22440,False
22441,False
22442,False
22443,False
22444,False
22445,False
22446,False
22447,False
22448,False
22449,False
22450,True
22451,False
22452,True
22453,True
22454,False
22455,False
22456,True
22457,False
22458,False
22459,False
22460,False
22461,False
22462,False
22463,False
22464,False
22465,False
22466,False
22467,False
22468,False
22469,False
22470,False
22471,False
22472,False
22473,True
22474,True
22475,False
22476,False
22477,False
22478,False
22479,False
22480,False
22481,False
22482,False
22483,False
22484,False
22485,False
22486,False
22487,False
22488,False
22489,False
22490,False
22491,False
22492,False
22493,False
22494,False
22495,False
22496,False
22497,False
22498,False
22499,False
22500,False
22501,False
22502,True
22503,True
22504,True
22505,True
22506,False
22507,False
22508,False
22509,False
22510,False
22511,False
22512,False
22513,False
22514,False
22515,False
22516,False
22517,True
22518,False
22519,False
22520,False
22521,True
22522,False
22523,False
22524,False
22525,False
22526,True
22527,False
22528,True
22529,True
22530,False
22531,False
22532,True
22533,False
22534,False
22535,False
22536,False
22537,False
22538,False
22539,False
22540,False
22541,False
22542,True
22543,False
22544,False
22545,False
22546,False
22547,False
22548,False
22549,False
22550,False
22551,False
22552,True
22553,False
22554,True
22555,True
22556,False
22557,False
22558,False
22559,False
22560,False
22561,False
22562,False
22563,False
22564,False
22565,False
22566,True
22567,True
22568,True
22569,True
22570,True
22571,True
22572,False
22573,False
22574,True
22575,True
22576,True
22577,False
22578,True
22579,True
22580,False
22581,True
22582,True
22583,True
22584,True
22585,False
22586,True
22587,False
22588,False
22589,True
22590,True
22591,True
22592,True
22593,True
22594,True
22595,True
22596,False
22597,True
22598,False
22599,True
22600,True
22601,True
22602,True
22603,True
22604,True
22605,True
22606,True
22607,True
22608,True
22609,True
22610,True
22611,False
22612,False
22613,False
22614,True
22615,False
22616,False
22617,False
22618,True
22619,False
22620,False
22621,False
22622,False
22623,False
22624,False
22625,False
22626,False
22627,False
22628,True
22629,True
22630,True
22631,True
22632,True
22633,True
22634,True
22635,True
22636,True
22637,False
22638,False
22639,False
22640,False
22641,False
22642,False
22643,True
22644,True
22645,True
22646,True
22647,True
22648,True
22649,True
22650,True
22651,False
22652,True
22653,True
22654,True
22655,True
22656,True
22657,True
22658,True
22659,True
22660,True
22661,True
22662,True
22663,False
22664,False
22665,False
22666,False
22667,False
22668,True
22669,True
22670,True
22671,False
22672,False
22673,False
22674,True
22675,True
22676,True
22677,True
22678,True
22679,True
22680,True
22681,True
22682,True
22683,True
22684,False
22685,False
22686,True
22687,True
22688,True
22689,True
22690,True
22691,True
22692,True
22693,False
22694,False
22695,False
22696,False
22697,False
22698,False
22699,True
22700,True
22701,True
22702,True
22703,True
22704,False
22705,False
22706,True
22707,False
22708,True
22709,False
22710,False
22711,True
22712,True
22713,False
22714,True
22715,True
22716,True
22717,True
22718,False
22719,False
22720,True
22721,True
22722,False
22723,False
22724,False
22725,True
22726,False
22727,False
22728,False
22729,True
22730,False
22731,False
22732,True
22733,True
22734,True
22735,False
22736,True
22737,True
22738,True
22739,True
22740,True
22741,False
22742,True
22743,False
22744,False
22745,False
22746,False
22747,False
22748,True
22749,False
22750,True
22751,True
22752,True
22753,False
22754,False
22755,True
22756,True
22757,False
22758,True
22759,True
22760,False
22761,True
22762,True
22763,True
22764,False
22765,True
22766,False
22767,True
22768,True
22769,True
22770,True
22771,False
22772,False
22773,False
22774,False
22775,True
22776,False
22777,False
22778,False
22779,False
22780,False
22781,True
22782,False
22783,True
22784,True
22785,True
22786,True
22787,True
22788,True
22789,False
22790,True
22791,True
22792,True
22793,True
22794,True
22795,True
22796,True
22797,True
22798,True
22799,True
22800,True
22801,False
22802,True
22803,False
22804,True
22805,True
22806,True
22807,True
22808,False
22809,False
22810,False
22811,True
22812,True
22813,False
22814,False
22815,True
22816,True
22817,False
22818,False
22819,False
22820,False
22821,False
22822,False
22823,False
22824,False
22825,False
22826,False
22827,False
22828,True
22829,False
22830,True
22831,False
22832,False
22833,False
22834,False
22835,False
22836,False
22837,False
22838,False
22839,False
22840,False
22841,False
22842,False
22843,False
22844,False
22845,False
22846,False
22847,False
22848,False
22849,False
22850,False
22851,False
22852,False
22853,False
22854,False
22855,False
22856,False
22857,False
22858,False
22859,False
22860,False
22861,False
22862,False
22863,False
22864,True
22865,True
22866,False
22867,False
22868,False
22869,False
22870,False
22871,False
22872,False
22873,False
22874,False
22875,False
22876,False
22877,False
22878,False
22879,False
22880,False
22881,False
22882,False
22883,False
22884,False
22885,False
22886,False
22887,False
22888,True
22889,False
22890,False
22891,False
22892,False
22893,False
22894,True
22895,True
22896,True
22897,True
22898,False
22899,False
22900,False
22901,False
22902,False
22903,True
22904,True
22905,True
22906,True
22907,True
22908,True
22909,False
22910,False
22911,True
22912,False
22913,False
22914,True
22915,True
22916,False
22917,False
22918,False
22919,False
22920,False
22921,False
22922,False
22923,False
22924,False
22925,False
22926,True
22927,True
22928,True
22929,False
22930,False
22931,False
22932,True
22933,False
22934,False
22935,False
22936,False
22937,False
22938,False
22939,False
22940,True
22941,True
22942,True
22943,True
22944,True
22945,False
22946,True
22947,True
22948,True
22949,True
22950,True
22951,True
22952,False
22953,False
22954,True
22955,True
22956,True
22957,False
22958,True
22959,False
22960,True
22961,False
22962,True
22963,True
22964,True
22965,False
22966,True
22967,True
22968,True
22969,False
22970,True
22971,True
22972,False
22973,False
22974,False
22975,True
22976,False
22977,True
22978,True
22979,True
22980,False
22981,False
22982,False
22983,False
22984,False
22985,True
22986,True
22987,True
22988,True
22989,False
22990,True
22991,True
22992,True
22993,True
22994,True
22995,True
22996,False
22997,True
22998,True
22999,True
23000,True
23001,True
23002,True
23003,True
23004,True
23005,True
23006,True
23007,False
23008,True
23009,False
23010,False
23011,False
23012,False
23013,False
23014,True
23015,True
23016,True
23017,True
23018,True
23019,True
23020,False
23021,True
23022,True
23023,True
23024,True
23025,True
23026,True
23027,True
23028,True
23029,False
23030,True
23031,True
23032,False
23033,True
23034,True
23035,False
23036,False
23037,False
23038,True
23039,True
23040,False
23041,False
23042,False
23043,False
23044,False
23045,True
23046,True
23047,True
23048,True
23049,False
23050,False
23051,False
23052,False
23053,True
23054,True
23055,True
23056,True
23057,True
23058,True
23059,False
23060,False
23061,False
23062,True
23063,True
23064,True
23065,False
23066,False
23067,False
23068,True
23069,True
23070,True
23071,True
23072,True
23073,True
23074,True
23075,False
23076,False
23077,True
23078,True
23079,True
23080,False
23081,True
23082,True
23083,True
23084,True
23085,True
23086,False
23087,True
23088,False
23089,True
23090,True
23091,False
23092,False
23093,True
23094,True
23095,True
23096,True
23097,True
23098,True
23099,True
23100,True
23101,True
23102,True
23103,True
23104,True
23105,True
23106,True
23107,True
23108,False
23109,False
23110,True
23111,False
23112,False
23113,True
23114,True
23115,True
23116,True
23117,True
23118,False
23119,False
23120,False
23121,False
23122,False
23123,False
23124,True
23125,True
23126,True
23127,True
23128,True
23129,False
23130,True
23131,False
23132,True
23133,False
23134,False
23135,True
23136,True
23137,True
23138,True
23139,False
23140,False
23141,True
23142,False
23143,False
23144,True
23145,True
23146,False
23147,False
23148,False
23149,False
23150,False
23151,True
23152,False
23153,False
23154,False
23155,True
23156,True
23157,True
23158,False
23159,False
23160,False
23161,True
23162,True
23163,True
23164,False
23165,False
23166,False
23167,False
23168,True
23169,False
23170,False
23171,False
23172,False
23173,False
23174,True
23175,False
23176,True
23177,False
23178,False
23179,True
23180,True
23181,False
23182,False
23183,False
23184,True
23185,True
23186,False
23187,False
23188,False
23189,False
23190,False
23191,False
23192,False
23193,False
23194,False
23195,False
23196,False
23197,False
23198,True
23199,False
23200,False
23201,False
23202,False
23203,True
23204,False
23205,True
23206,False
23207,True
23208,True
23209,False
23210,False
23211,False
23212,False
23213,False
23214,False
23215,False
23216,True
23217,False
23218,False
23219,False
23220,False
23221,False
23222,False
23223,False
23224,False
23225,False
23226,False
23227,False
23228,False
23229,False
23230,False
23231,False
23232,False
23233,False
23234,False
23235,False
23236,False
23237,False
23238,False
23239,False
23240,False
23241,False
23242,False
23243,False
23244,True
23245,False
23246,False
23247,False
23248,False
23249,False
23250,False
23251,False
23252,False
23253,False
23254,False
23255,False
23256,False
23257,False
23258,False
23259,False
23260,False
23261,False
23262,False
23263,False
23264,False
23265,False
23266,False
23267,False
23268,False
23269,False
23270,True
23271,True
23272,True
23273,False
23274,False
23275,False
23276,False
23277,False
23278,True
23279,True
23280,False
23281,False
23282,False
23283,False
23284,True
23285,True
23286,True
23287,True
23288,True
23289,True
23290,True
23291,True
23292,True
23293,True
23294,True
23295,False
23296,False
23297,False
23298,False
23299,False
23300,False
23301,False
23302,False
23303,False
23304,True
23305,True
23306,False
23307,False
23308,False
23309,True
23310,False
23311,True
23312,False
23313,True
23314,False
23315,False
23316,True
23317,False
23318,True
23319,False
23320,False
23321,True
23322,False
23323,False
23324,False
23325,True
23326,True
23327,True
23328,False
23329,False
23330,True
23331,True
23332,True
23333,False
23334,False
23335,True
23336,True
23337,True
23338,True
23339,False
23340,True
23341,True
23342,False
23343,True
23344,False
23345,False
23346,True
23347,False
23348,False
23349,False
23350,False
23351,False
23352,False
23353,False
23354,False
23355,True
23356,False
23357,False
23358,False
23359,True
23360,False
23361,False
23362,True
23363,False
23364,False
23365,False
23366,False
23367,True
23368,False
23369,True
23370,True
23371,True
23372,True
23373,True
23374,True
23375,False
23376,False
23377,True
23378,True
23379,True
23380,True
23381,True
23382,False
23383,False
23384,True
23385,True
23386,False
23387,False
23388,False
23389,True
23390,True
23391,True
23392,True
23393,True
23394,True
23395,True
23396,True
23397,True
23398,False
23399,True
23400,True
23401,True
23402,False
23403,False
23404,True
23405,True
23406,True
23407,True
23408,False
23409,False
23410,False
23411,False
23412,False
23413,False
23414,True
23415,True
23416,True
23417,True
23418,True
23419,True
23420,True
23421,False
23422,True
23423,True
23424,True
23425,False
23426,True
23427,True
23428,True
23429,False
23430,True
23431,False
23432,True
23433,False
23434,True
23435,True
23436,False
23437,True
23438,False
23439,False
23440,True
23441,True
23442,False
23443,False
23444,True
23445,True
23446,True
23447,True
23448,True
23449,True
23450,True
23451,True
23452,True
23453,True
23454,True
23455,True
23456,True
23457,True
23458,False
23459,False
23460,False
23461,False
23462,True
23463,True
23464,True
23465,True
23466,True
23467,True
23468,False
23469,True
23470,False
23471,True
23472,False
23473,False
23474,False
23475,False
23476,False
23477,True
23478,True
23479,False
23480,False
23481,False
23482,True
23483,True
23484,True
23485,True
23486,True
23487,False
23488,False
23489,False
23490,True
23491,True
23492,True
23493,True
23494,False
23495,True
23496,True
23497,True
23498,True
23499,True
23500,True
23501,False
23502,False
23503,False
23504,False
23505,False
23506,False
23507,False
23508,False
23509,False
23510,False
23511,False
23512,False
23513,False
23514,False
23515,False
23516,True
23517,True
23518,True
23519,True
23520,False
23521,False
23522,False
23523,False
23524,False
23525,False
23526,True
23527,True
23528,True
23529,False
23530,False
23531,True
23532,True
23533,False
23534,True
23535,True
23536,False
23537,False
23538,False
23539,True
23540,False
23541,False
23542,False
23543,False
23544,False
23545,True
23546,True
23547,False
23548,False
23549,True
23550,True
23551,False
23552,True
23553,False
23554,False
23555,False
23556,False
23557,True
23558,False
23559,True
23560,True
23561,False
23562,False
23563,False
23564,False
23565,False
23566,True
23567,False
23568,False
23569,False
23570,True
23571,False
23572,False
23573,False
23574,False
23575,False
23576,False
23577,True
23578,False
23579,True
23580,False
23581,False
23582,False
23583,False
23584,False
23585,False
23586,False
23587,False
23588,False
23589,False
23590,False
23591,False
23592,False
23593,False
23594,False
23595,False
23596,False
23597,False
23598,False
23599,False
23600,False
23601,False
23602,False
23603,False
23604,False
23605,False
23606,False
23607,False
23608,False
23609,False
23610,False
23611,False
23612,False
23613,False
23614,False
23615,False
23616,False
23617,False
23618,False
23619,False
23620,False
23621,False
23622,False
23623,False
23624,False
23625,False
23626,False
23627,False
23628,True
23629,True
23630,False
23631,False
23632,False
23633,False
23634,False
23635,False
23636,False
23637,False
23638,False
23639,False
23640,False
23641,False
23642,False
23643,False
23644,False
23645,False
23646,False
23647,False
23648,False
23649,False
23650,False
23651,False
23652,False
23653,False
23654,False
23655,False
23656,False
23657,False
23658,False
23659,False
23660,False
23661,True
23662,True
23663,True
23664,True
23665,False
23666,False
23667,True
23668,True
23669,True
23670,True
23671,True
23672,False
23673,True
23674,False
23675,True
23676,True
23677,True
23678,True
23679,True
23680,True
23681,True
23682,True
23683,True
23684,True
23685,True
23686,False
23687,False
23688,False
23689,False
23690,False
23691,True
23692,True
23693,True
23694,True
23695,False
23696,True
23697,True
23698,True
23699,True
23700,True
23701,True
23702,False
23703,True
23704,False
23705,False
23706,False
23707,False
23708,True
23709,True
23710,True
23711,True
23712,True
23713,True
23714,True
23715,True
23716,True
23717,True
23718,False
23719,True
23720,True
23721,True
23722,True
23723,True
23724,True
23725,True
23726,True
23727,True
23728,True
23729,True
23730,True
23731,True
23732,True
23733,True
23734,True
23735,True
23736,True
23737,True
23738,False
23739,True
23740,False
23741,False
23742,False
23743,False
23744,True
23745,True
23746,True
23747,True
23748,True
23749,True
23750,True
23751,True
23752,False
23753,False
23754,False
23755,False
23756,False
23757,False
23758,False
23759,False
23760,False
23761,False
23762,False
23763,False
23764,True
23765,True
23766,True
23767,True
23768,True
23769,True
23770,True
23771,True
23772,True
23773,True
23774,False
23775,True
23776,False
23777,True
23778,True
23779,True
23780,False
23781,True
23782,False
23783,True
23784,True
23785,True
23786,True
23787,False
23788,False
23789,False
23790,False
23791,False
23792,True
23793,True
23794,True
23795,True
23796,False
23797,True
23798,True
23799,True
23800,True
23801,True
23802,True
23803,False
23804,False
23805,False
23806,True
23807,True
23808,False
23809,False
23810,True
23811,True
23812,True
23813,True
23814,True
23815,False
23816,True
23817,False
23818,False
23819,True
23820,True
23821,True
23822,False
23823,False
23824,False
23825,False
23826,False
23827,True
23828,True
23829,False
23830,False
23831,False
23832,False
23833,False
23834,False
23835,True
23836,True
23837,True
23838,True
23839,True
23840,False
23841,True
23842,True
23843,True
23844,True
23845,True
23846,False
23847,True
23848,False
23849,True
23850,True
23851,False
23852,True
23853,False
23854,False
23855,False
23856,False
23857,False
23858,False
23859,True
23860,True
23861,False
23862,False
23863,False
23864,False
23865,False
23866,False
23867,False
23868,False
23869,False
23870,False
23871,False
23872,False
23873,True
23874,True
23875,False
23876,True
23877,False
23878,True
23879,False
23880,False
23881,False
23882,True
23883,True
23884,True
23885,True
23886,False
23887,True
23888,True
23889,True
23890,True
23891,False
23892,False
23893,False
23894,True
23895,False
23896,False
23897,False
23898,False
23899,False
23900,False
23901,False
23902,False
23903,False
23904,False
23905,False
23906,False
23907,False
23908,False
23909,False
23910,False
23911,False
23912,True
23913,True
23914,False
23915,True
23916,True
23917,True
23918,True
23919,True
23920,False
23921,False
23922,False
23923,False
23924,False
23925,False
23926,False
23927,False
23928,False
23929,False
23930,False
23931,False
23932,False
23933,False
23934,False
23935,False
23936,False
23937,False
23938,False
23939,False
23940,False
23941,False
23942,False
23943,False
23944,False
23945,False
23946,False
23947,False
23948,False
23949,False
23950,False
23951,False
23952,False
23953,False
23954,False
23955,True
23956,False
23957,False
23958,False
23959,False
23960,False
23961,False
23962,False
23963,True
23964,False
23965,False
23966,False
23967,True
23968,True
23969,False
23970,False
23971,False
23972,False
23973,False
23974,False
23975,False
23976,False
23977,False
23978,False
23979,True
23980,True
23981,True
23982,True
23983,False
23984,False
23985,False
23986,False
23987,True
23988,False
23989,True
23990,True
23991,False
23992,False
23993,False
23994,False
23995,False
23996,False
23997,False
23998,False
23999,True
24000,False
24001,False
24002,False
24003,False
24004,True
24005,False
24006,True
24007,True
24008,False
24009,True
24010,False
24011,True
24012,True
24013,True
24014,True
24015,True
24016,True
24017,True
24018,False
24019,False
24020,True
24021,True
24022,True
24023,False
24024,True
24025,True
24026,True
24027,False
24028,False
24029,False
24030,False
24031,False
24032,False
24033,False
24034,False
24035,False
24036,False
24037,False
24038,False
24039,False
24040,False
24041,True
24042,False
24043,False
24044,True
24045,True
24046,True
24047,True
24048,True
24049,False
24050,True
24051,True
24052,True
24053,False
24054,True
24055,False
24056,False
24057,True
24058,False
24059,True
24060,True
24061,False
24062,True
24063,True
24064,True
24065,False
24066,False
24067,False
24068,False
24069,False
24070,False
24071,False
24072,False
24073,False
24074,True
24075,True
24076,True
24077,True
24078,False
24079,False
24080,False
24081,False
24082,False
24083,False
24084,False
24085,False
24086,False
24087,True
24088,True
24089,False
24090,True
24091,True
24092,False
24093,True
24094,False
24095,True
24096,True
24097,True
24098,True
24099,False
24100,False
24101,False
24102,True
24103,False
24104,False
24105,True
24106,True
24107,False
24108,True
24109,True
24110,False
24111,False
24112,False
24113,True
24114,True
24115,True
24116,True
24117,True
24118,True
24119,False
24120,False
24121,False
24122,False
24123,False
24124,False
24125,False
24126,False
24127,False
24128,True
24129,False
24130,False
24131,False
24132,False
24133,False
24134,True
24135,True
24136,False
24137,True
24138,True
24139,False
24140,False
24141,False
24142,False
24143,False
24144,False
24145,True
24146,True
24147,True
24148,True
24149,True
24150,True
24151,True
24152,True
24153,True
24154,True
24155,True
24156,True
24157,True
24158,True
24159,True
24160,True
24161,True
24162,True
24163,False
24164,False
24165,False
24166,True
24167,True
24168,True
24169,True
24170,True
24171,True
24172,False
24173,True
24174,True
24175,True
24176,False
24177,False
24178,True
24179,True
24180,True
24181,True
24182,True
24183,False
24184,True
24185,False
24186,False
24187,False
24188,False
24189,False
24190,True
24191,True
24192,True
24193,True
24194,True
24195,False
24196,False
24197,False
24198,False
24199,True
24200,False
24201,True
24202,False
24203,False
24204,True
24205,False
24206,False
24207,False
24208,False
24209,False
24210,False
24211,True
24212,True
24213,True
24214,False
24215,True
24216,False
24217,True
24218,True
24219,True
24220,True
24221,False
24222,True
24223,True
24224,False
24225,False
24226,False
24227,False
24228,False
24229,True
24230,True
24231,True
24232,False
24233,False
24234,True
24235,True
24236,True
24237,False
24238,False
24239,False
24240,False
24241,False
24242,False
24243,False
24244,False
24245,False
24246,False
24247,False
24248,False
24249,True
24250,False
24251,True
24252,False
24253,False
24254,False
24255,False
24256,False
24257,False
24258,False
24259,False
24260,False
24261,False
24262,False
24263,False
24264,False
24265,False
24266,False
24267,False
24268,False
24269,True
24270,True
24271,False
24272,True
24273,True
24274,True
24275,False
24276,True
24277,True
24278,False
24279,False
24280,False
24281,False
24282,False
24283,False
24284,True
24285,True
24286,False
24287,False
24288,False
24289,False
24290,False
24291,False
24292,False
24293,False
24294,False
24295,False
24296,False
24297,False
24298,False
24299,False
24300,False
24301,False
24302,False
24303,False
24304,False
24305,False
24306,False
24307,False
24308,False
24309,False
24310,True
24311,False
24312,False
24313,False
24314,False
24315,False
24316,False
24317,False
24318,False
24319,False
24320,False
24321,False
24322,False
24323,False
24324,False
24325,False
24326,False
24327,False
24328,False
24329,False
24330,True
24331,True
24332,False
24333,True
24334,False
24335,False
24336,False
24337,False
24338,False
24339,False
24340,False
24341,False
24342,False
24343,False
24344,False
24345,False
24346,False
24347,False
24348,True
24349,True
24350,False
24351,True
24352,False
24353,False
24354,False
24355,False
24356,False
24357,False
24358,False
24359,False
24360,False
24361,False
24362,False
24363,False
24364,False
24365,False
24366,True
24367,True
24368,False
24369,False
24370,False
24371,False
24372,True
24373,True
24374,True
24375,True
24376,False
24377,False
24378,True
24379,False
24380,False
24381,False
24382,False
24383,False
24384,False
24385,False
24386,False
24387,False
24388,False
24389,True
24390,True
24391,False
24392,True
24393,True
24394,True
24395,False
24396,True
24397,True
24398,False
24399,True
24400,True
24401,True
24402,True
24403,True
24404,True
24405,True
24406,True
24407,True
24408,True
24409,True
24410,True
24411,False
24412,True
24413,True
24414,True
24415,True
24416,True
24417,False
24418,False
24419,True
24420,False
24421,False
24422,False
24423,False
24424,False
24425,False
24426,False
24427,False
24428,False
24429,False
24430,True
24431,True
24432,True
24433,True
24434,True
24435,True
24436,True
24437,True
24438,True
24439,True
24440,False
24441,False
24442,False
24443,False
24444,True
24445,True
24446,True
24447,False
24448,True
24449,True
24450,True
24451,True
24452,False
24453,False
24454,False
24455,False
24456,False
24457,True
24458,True
24459,True
24460,True
24461,False
24462,False
24463,True
24464,True
24465,False
24466,False
24467,True
24468,True
24469,False
24470,False
24471,False
24472,False
24473,True
24474,False
24475,True
24476,True
24477,False
24478,False
24479,False
24480,False
24481,True
24482,True
24483,False
24484,False
24485,False
24486,True
24487,False
24488,True
24489,True
24490,True
24491,False
24492,False
24493,True
24494,True
24495,True
24496,False
24497,False
24498,True
24499,False
24500,False
24501,False
24502,False
24503,True
24504,True
24505,True
24506,True
24507,True
24508,True
24509,True
24510,True
24511,True
24512,True
24513,False
24514,True
24515,False
24516,True
24517,False
24518,False
24519,False
24520,False
24521,True
24522,True
24523,False
24524,False
24525,False
24526,False
24527,True
24528,True
24529,True
24530,False
24531,False
24532,False
24533,False
24534,False
24535,False
24536,False
24537,False
24538,False
24539,False
24540,True
24541,True
24542,False
24543,True
24544,True
24545,True
24546,True
24547,True
24548,False
24549,False
24550,True
24551,True
24552,True
24553,True
24554,True
24555,True
24556,False
24557,True
24558,False
24559,False
24560,True
24561,True
24562,True
24563,False
24564,True
24565,False
24566,False
24567,True
24568,True
24569,False
24570,False
24571,True
24572,False
24573,False
24574,True
24575,True
24576,False
24577,False
24578,False
24579,False
24580,False
24581,False
24582,True
24583,False
24584,True
24585,True
24586,True
24587,False
24588,False
24589,True
24590,False
24591,False
24592,False
24593,False
24594,False
24595,False
24596,True
24597,False
24598,False
24599,False
24600,False
24601,False
24602,False
24603,True
24604,True
24605,False
24606,False
24607,False
24608,False
24609,False
24610,False
24611,False
24612,False
24613,False
24614,False
24615,False
24616,False
24617,False
24618,False
24619,False
24620,False
24621,False
24622,False
24623,True
24624,True
24625,False
24626,False
24627,False
24628,False
24629,False
24630,False
24631,False
24632,False
24633,False
24634,False
24635,False
24636,False
24637,False
24638,False
24639,False
24640,False
24641,True
24642,False
24643,False
24644,False
24645,False
24646,False
24647,False
24648,False
24649,False
24650,False
24651,False
24652,False
24653,False
24654,False
24655,False
24656,False
24657,False
24658,False
24659,False
24660,False
24661,False
24662,False
24663,False
24664,False
24665,False
24666,False
24667,False
24668,False
24669,False
24670,False
24671,False
24672,False
24673,False
24674,False
24675,False
24676,False
24677,False
24678,True
24679,False
24680,False
24681,False
24682,False
24683,False
24684,False
24685,False
24686,False
24687,False
24688,False
24689,False
24690,False
24691,False
24692,False
24693,False
24694,False
24695,True
24696,False
24697,True
24698,False
24699,False
24700,False
24701,False
24702,False
24703,True
24704,False
24705,False
24706,False
24707,False
24708,False
24709,False
24710,False
24711,True
24712,True
24713,True
24714,False
24715,True
24716,False
24717,False
24718,False
24719,False
24720,True
24721,False
24722,False
24723,False
24724,False
24725,False
24726,False
24727,True
24728,False
24729,False
24730,True
24731,True
24732,False
24733,False
24734,True
24735,False
24736,False
24737,False
24738,False
24739,True
24740,False
24741,False
24742,False
24743,False
24744,False
24745,False
24746,False
24747,False
24748,False
24749,False
24750,False
24751,True
24752,False
24753,True
24754,True
24755,False
24756,True
24757,True
24758,False
24759,False
24760,False
24761,True
24762,True
24763,True
24764,False
24765,False
24766,False
24767,False
24768,False
24769,True
24770,True
24771,False
24772,True
24773,True
24774,True
24775,True
24776,True
24777,True
24778,True
24779,False
24780,True
24781,False
24782,True
24783,True
24784,True
24785,True
24786,True
24787,True
24788,True
24789,True
24790,True
24791,True
24792,True
24793,True
24794,True
24795,False
24796,False
24797,False
24798,True
24799,True
24800,False
24801,False
24802,False
24803,False
24804,False
24805,True
24806,True
24807,True
24808,True
24809,True
24810,True
24811,True
24812,True
24813,True
24814,True
24815,True
24816,True
24817,True
24818,True
24819,False
24820,True
24821,True
24822,True
24823,True
24824,False
24825,True
24826,True
24827,True
24828,True
24829,True
24830,True
24831,False
24832,True
24833,True
24834,False
24835,False
24836,False
24837,False
24838,False
24839,True
24840,True
24841,True
24842,False
24843,False
24844,False
24845,False
24846,False
24847,True
24848,True
24849,True
24850,False
24851,True
24852,True
24853,True
24854,True
24855,True
24856,True
24857,True
24858,True
24859,True
24860,False
24861,False
24862,True
24863,True
24864,True
24865,True
24866,True
24867,False
24868,True
24869,True
24870,True
24871,True
24872,True
24873,False
24874,False
24875,False
24876,False
24877,True
24878,True
24879,True
24880,True
24881,True
24882,True
24883,False
24884,True
24885,True
24886,True
24887,False
24888,True
24889,True
24890,False
24891,True
24892,False
24893,True
24894,True
24895,True
24896,True
24897,True
24898,True
24899,True
24900,True
24901,True
24902,True
24903,True
24904,True
24905,True
24906,True
24907,True
24908,True
24909,True
24910,True
24911,False
24912,False
24913,False
24914,False
24915,False
24916,True
24917,True
24918,False
24919,True
24920,False
24921,False
24922,True
24923,True
24924,False
24925,False
24926,False
24927,False
24928,False
24929,False
24930,True
24931,True
24932,False
24933,False
24934,False
24935,False
24936,False
24937,False
24938,False
24939,True
24940,True
24941,True
24942,False
24943,False
24944,False
24945,False
24946,False
24947,False
24948,False
24949,False
24950,True
24951,True
24952,True
24953,False
24954,False
24955,False
24956,False
24957,False
24958,False
24959,False
24960,False
24961,False
24962,False
24963,False
24964,False
24965,True
24966,False
24967,False
24968,False
24969,False
24970,False
24971,True
24972,True
24973,True
24974,False
24975,False
24976,True
24977,False
24978,True
24979,False
24980,False
24981,False
24982,False
24983,False
24984,False
24985,True
24986,False
24987,False
24988,False
24989,True
24990,False
24991,False
24992,False
24993,False
24994,False
24995,False
24996,False
24997,True
24998,True
24999,False
25000,False
25001,False
25002,True
25003,False
25004,False
25005,True
25006,False
25007,False
25008,True
25009,False
25010,False
25011,True
25012,True
25013,False
25014,False
25015,False
25016,False
25017,False
25018,False
25019,False
25020,False
25021,False
25022,False
25023,False
25024,False
25025,True
25026,True
25027,False
25028,False
25029,False
25030,False
25031,False
25032,False
25033,False
25034,False
25035,False
25036,False
25037,False
25038,False
25039,False
25040,True
25041,False
25042,False
25043,False
25044,False
25045,False
25046,False
25047,False
25048,False
25049,False
25050,False
25051,True
25052,False
25053,False
25054,False
25055,False
25056,True
25057,False
25058,False
25059,False
25060,False
25061,False
25062,False
25063,False
25064,False
25065,False
25066,False
25067,False
25068,False
25069,False
25070,False
25071,False
25072,False
25073,False
25074,False
25075,False
25076,False
25077,False
25078,False
25079,False
25080,False
25081,True
25082,True
25083,False
25084,False
25085,False
25086,True
25087,True
25088,True
25089,False
25090,False
25091,False
25092,False
25093,False
25094,False
25095,False
25096,False
25097,True
25098,False
25099,True
25100,False
25101,False
25102,False
25103,False
25104,False
25105,False
25106,False
25107,True
25108,False
25109,False
25110,False
25111,True
25112,False
25113,False
25114,True
25115,True
25116,True
25117,True
25118,True
25119,True
25120,False
25121,False
25122,False
25123,True
25124,True
25125,True
25126,True
25127,True
25128,True
25129,True
25130,True
25131,True
25132,True
25133,True
25134,True
25135,False
25136,True
25137,True
25138,False
25139,True
25140,True
25141,True
25142,True
25143,True
25144,False
25145,False
25146,True
25147,True
25148,True
25149,False
25150,True
25151,False
25152,False
25153,True
25154,True
25155,True
25156,True
25157,True
25158,False
25159,False
25160,True
25161,False
25162,True
25163,True
25164,True
25165,True
25166,False
25167,True
25168,True
25169,False
25170,True
25171,True
25172,True
25173,True
25174,True
25175,True
25176,True
25177,False
25178,False
25179,True
25180,True
25181,True
25182,True
25183,True
25184,False
25185,False
25186,False
25187,False
25188,False
25189,False
25190,True
25191,False
25192,False
25193,True
25194,True
25195,True
25196,False
25197,True
25198,True
25199,False
25200,True
25201,True
25202,True
25203,True
25204,False
25205,False
25206,False
25207,False
25208,False
25209,False
25210,True
25211,True
25212,True
25213,False
25214,False
25215,False
25216,False
25217,False
25218,False
25219,True
25220,True
25221,True
25222,False
25223,True
25224,True
25225,False
25226,False
25227,False
25228,False
25229,False
25230,False
25231,True
25232,True
25233,False
25234,False
25235,True
25236,True
25237,True
25238,True
25239,True
25240,True
25241,True
25242,True
25243,True
25244,False
25245,False
25246,False
25247,True
25248,True
25249,True
25250,True
25251,True
25252,True
25253,True
25254,True
25255,False
25256,True
25257,False
25258,True
25259,True
25260,True
25261,False
25262,True
25263,True
25264,True
25265,True
25266,False
25267,False
25268,True
25269,True
25270,True
25271,True
25272,True
25273,True
25274,True
25275,True
25276,True
25277,False
25278,True
25279,True
25280,False
25281,True
25282,True
25283,True
25284,True
25285,True
25286,True
25287,True
25288,True
25289,True
25290,True
25291,False
25292,False
25293,True
25294,True
25295,False
25296,True
25297,True
25298,True
25299,True
25300,False
25301,False
25302,True
25303,True
25304,True
25305,True
25306,False
25307,False
25308,False
25309,True
25310,True
25311,True
25312,True
25313,False
25314,True
25315,True
25316,True
25317,True
25318,False
25319,True
25320,False
25321,True
25322,True
25323,True
25324,True
25325,True
25326,True
25327,True
25328,True
25329,False
25330,False
25331,False
25332,False
25333,True
25334,True
25335,True
25336,True
25337,True
25338,True
25339,False
25340,False
25341,False
25342,False
25343,False
25344,False
25345,False
25346,False
25347,False
25348,False
25349,False
25350,False
25351,False
25352,True
25353,True
25354,True
25355,False
25356,False
25357,False
25358,False
25359,False
25360,True
25361,True
25362,True
25363,False
25364,False
25365,False
25366,False
25367,False
25368,True
25369,False
25370,True
25371,False
25372,False
25373,False
25374,False
25375,False
25376,False
25377,False
25378,False
25379,False
25380,False
25381,False
25382,False
25383,False
25384,False
25385,False
25386,False
25387,False
25388,False
25389,False
25390,False
25391,False
25392,False
25393,False
25394,False
25395,False
25396,False
25397,False
25398,False
25399,False
25400,False
25401,False
25402,False
25403,False
25404,False
25405,False
25406,False
25407,False
25408,False
25409,False
25410,False
25411,False
25412,False
25413,False
25414,False
25415,False
25416,False
25417,False
25418,False
25419,False
25420,False
25421,False
25422,False
25423,False
25424,False
25425,False
25426,True
25427,False
25428,False
25429,False
25430,False
25431,False
25432,False
25433,False
25434,False
25435,False
25436,False
25437,False
25438,False
25439,False
25440,False
25441,False
25442,False
25443,False
25444,False
25445,False
25446,False
25447,False
25448,False
25449,False
25450,False
25451,False
25452,False
25453,False
25454,False
25455,False
25456,False
25457,False
25458,False
25459,False
25460,False
25461,False
25462,True
25463,True
25464,True
25465,True
25466,True
25467,False
25468,False
25469,False
25470,False
25471,False
25472,False
25473,False
25474,True
25475,False
25476,False
25477,False
25478,False
25479,False
25480,False
25481,False
25482,True
25483,True
25484,False
25485,False
25486,True
25487,True
25488,False
25489,False
25490,False
25491,False
25492,True
25493,True
25494,True
25495,True
25496,True
25497,True
25498,False
25499,False
25500,False
25501,False
25502,False
25503,False
25504,False
25505,False
25506,False
25507,True
25508,True
25509,True
25510,True
25511,True
25512,False
25513,False
25514,True
25515,True
25516,False
25517,True
25518,True
25519,True
25520,True
25521,True
25522,True
25523,False
25524,False
25525,True
25526,True
25527,True
25528,True
25529,True
25530,True
25531,True
25532,True
25533,False
25534,True
25535,False
25536,True
25537,True
25538,True
25539,True
25540,False
25541,False
25542,False
25543,False
25544,False
25545,False
25546,False
25547,False
25548,False
25549,False
25550,False
